id_umkm,sektor,usia_usaha_tahun,omzet_bulanan,margin_laba,cashflow_ratio,pinjaman,tenor_bulan,agunan,literasi_keuangan,digitalisasi,debt_burden,credit_score,initial_risk,vulnerability,resilience
1,Produksi,10,17072574,0.217,0.798,36660057,24,0,0.903,0.592,0.537,81.9,0.348,0.587,0.811
2,Retail,9,33474439,0.31,0.382,23835361,18,0,0.408,0.204,0.237,69.15,0.315,0.594,0.461
3,Produksi,7,5134415,0.249,0.507,36537707,12,0,0.617,0.817,1.0,60.55,0.555,0.76,0.672
4,Jasa,11,7902826,0.275,0.947,23531179,24,1,0.9,0.225,0.744,92.29,0.34,0.593,0.874
5,Kuliner,2,10835028,0.157,0.812,20196693,24,1,0.922,0.828,0.466,73.66,0.441,0.597,0.92
6,Pertanian,12,40206157,0.257,0.637,39350050,24,0,0.34,0.273,0.245,61.63,0.466,0.603,0.541
7,Produksi,11,21026732,0.271,0.46,37743332,36,0,0.494,0.895,0.299,71.76,0.374,0.586,0.636
8,Produksi,7,27450825,0.18,0.53,46758172,18,0,0.739,0.584,0.568,66.51,0.45,0.643,0.672
9,Kuliner,9,9614605,0.259,0.632,104405248,24,0,0.405,0.167,1.0,55.27,0.599,0.769,0.539
10,Retail,7,9724291,0.26,0.626,40205059,12,1,0.477,0.152,1.0,61.1,0.615,0.749,0.634
11,Retail,4,23027043,0.182,0.605,44606917,24,0,0.266,0.16,0.484,58.69,0.487,0.619,0.489
12,Pertanian,10,18586261,0.141,0.615,20421074,36,0,0.357,0.572,0.183,71.85,0.444,0.591,0.592
13,Jasa,3,24341388,0.137,0.584,18391606,24,0,0.644,0.748,0.189,69.67,0.406,0.514,0.693
14,Produksi,4,16234729,0.226,0.375,77228054,24,1,0.707,0.422,1.0,51.07,0.535,0.784,0.661
15,Retail,7,20975410,0.243,0.532,22056518,24,1,0.704,0.456,0.263,71.93,0.298,0.574,0.72
16,Kuliner,11,19635463,0.165,0.775,20767225,18,0,0.795,0.571,0.353,85.89,0.296,0.574,0.769
17,Jasa,5,27609056,0.222,0.387,34322414,24,0,0.541,0.526,0.311,60.99,0.43,0.581,0.558
18,Kuliner,6,28056668,0.26,0.588,33456693,24,0,0.441,0.65,0.298,64.07,0.427,0.594,0.621
19,Produksi,1,7384935,0.263,0.481,22289034,36,1,0.261,0.477,0.503,54.64,0.572,0.635,0.582
20,Jasa,2,5229805,0.329,0.639,30049964,18,0,0.395,0.671,1.0,48.61,0.615,0.715,0.629
21,Produksi,1,31228518,0.309,0.554,64717777,12,0,0.469,0.898,1.0,47.2,0.675,0.751,0.661
22,Retail,1,34591935,0.15,0.871,23390998,24,1,0.375,0.38,0.169,66.01,0.355,0.489,0.73
23,Pertanian,11,10267967,0.338,0.706,17435560,12,1,0.264,0.11,0.849,61.41,0.524,0.747,0.594
24,Pertanian,11,6471852,0.183,0.397,56072465,12,0,0.36,0.201,1.0,48.78,0.682,0.842,0.452
25,Produksi,10,19007638,0.293,0.734,44768131,18,0,0.716,0.543,0.785,68.34,0.466,0.663,0.728
26,Kuliner,1,30034081,0.225,0.488,25663988,24,0,0.691,0.375,0.214,64.03,0.414,0.59,0.607
27,Retail,1,48378173,0.191,0.522,15867366,12,1,0.905,0.852,0.164,75.96,0.295,0.55,0.844
28,Kuliner,4,23910924,0.093,0.673,24119880,12,0,0.809,0.602,0.504,65.02,0.48,0.632,0.744
29,Kuliner,7,14671804,0.208,0.536,34055646,12,1,0.647,0.516,1.0,58.95,0.582,0.786,0.717
30,Jasa,5,11013810,0.111,0.772,62688882,36,1,0.346,0.738,0.949,61.82,0.568,0.678,0.752
31,Produksi,6,18113726,0.288,0.488,20843811,24,0,0.645,0.307,0.288,66.83,0.434,0.578,0.582
32,Pertanian,3,15268260,0.326,0.515,33551720,12,1,0.293,0.756,1.0,57.53,0.582,0.821,0.653
33,Retail,9,10299387,0.164,0.508,49053934,12,0,0.552,0.102,1.0,51.41,0.606,0.77,0.526
34,Retail,4,55544659,0.241,0.524,10640999,24,0,0.523,0.596,0.048,71.8,0.303,0.52,0.612
35,Retail,1,48048666,0.169,0.807,58688344,18,1,0.549,0.848,0.407,71.88,0.345,0.562,0.841
36,Kuliner,9,33622602,0.176,0.727,19377697,24,0,0.446,0.73,0.144,79.09,0.32,0.529,0.683
37,Kuliner,11,10847168,0.274,0.911,41319965,18,0,0.73,0.783,1.0,71.83,0.523,0.718,0.835
38,Retail,1,28807403,0.217,1.0,39594477,36,0,0.839,0.418,0.229,66.91,0.359,0.481,0.83
39,Kuliner,6,25589095,0.342,0.445,60198128,18,0,0.788,0.759,0.784,62.65,0.502,0.746,0.689
40,Jasa,10,22960420,0.186,0.632,46099876,24,0,0.689,0.541,0.502,74.22,0.343,0.587,0.685
41,Retail,9,35790685,0.29,0.42,10662179,12,1,0.627,0.595,0.149,81.54,0.234,0.565,0.685
42,Produksi,11,25529276,0.227,0.488,23640431,36,1,0.272,0.147,0.154,75.61,0.222,0.544,0.528
43,Jasa,5,27041686,0.276,0.513,37504114,36,1,0.756,0.261,0.231,72.5,0.266,0.538,0.693
44,Retail,5,25550841,0.189,0.44,31748901,24,1,0.631,0.541,0.311,66.0,0.351,0.603,0.684
45,Produksi,9,21710739,0.217,0.441,44440598,18,0,0.44,0.147,0.682,57.97,0.491,0.689,0.48
46,Produksi,2,6748941,0.212,0.595,51936994,12,1,0.479,0.693,1.0,57.85,0.572,0.744,0.721
47,Retail,3,18847181,0.161,0.413,47445132,24,0,0.905,0.772,0.629,56.09,0.566,0.691,0.713
48,Kuliner,8,13256211,0.266,0.763,31444076,24,0,0.687,0.836,0.593,77.64,0.399,0.639,0.782
49,Jasa,9,8903632,0.266,0.464,13904042,12,1,0.583,0.181,0.781,61.45,0.468,0.69,0.614
50,Kuliner,2,45393590,0.262,1.0,27871577,18,0,0.685,0.852,0.205,75.45,0.364,0.496,0.865
51,Kuliner,7,46586891,0.328,0.543,43100394,18,0,0.54,0.154,0.308,71.83,0.363,0.605,0.544
52,Kuliner,5,38013566,0.321,0.632,20289925,24,0,0.579,0.479,0.133,74.38,0.308,0.543,0.643
53,Produksi,7,20712536,0.194,0.4,47989653,24,0,0.453,0.772,0.579,57.28,0.561,0.67,0.582
54,Jasa,12,37834280,0.246,0.91,55121768,24,0,0.558,0.156,0.364,80.48,0.367,0.501,0.674
55,Jasa,1,18119723,0.176,0.81,37292102,24,0,0.73,0.115,0.515,60.83,0.5,0.558,0.681
56,Produksi,12,20123942,0.222,0.67,7564439,18,1,0.278,0.12,0.125,68.97,0.336,0.503,0.587
57,Retail,6,9864698,0.178,0.391,18472883,18,0,0.807,0.509,0.624,55.13,0.475,0.694,0.63
58,Jasa,10,22392296,0.333,0.656,89877051,12,0,0.448,0.749,1.0,63.66,0.617,0.712,0.663
59,Kuliner,6,18607859,0.245,0.429,26631086,24,0,0.728,0.202,0.358,60.42,0.476,0.638,0.566
60,Kuliner,4,8792623,0.205,0.869,12978270,18,1,0.7,0.2,0.492,74.12,0.401,0.594,0.787
61,Jasa,10,17500218,0.304,0.758,64908057,18,0,0.707,0.555,1.0,72.36,0.535,0.694,0.735
62,Retail,9,17227733,0.068,0.636,35234505,12,0,0.676,0.287,1.0,55.06,0.629,0.747,0.637
63,Jasa,2,48377286,0.079,0.206,60813895,12,0,0.921,0.684,0.629,46.25,0.575,0.697,0.631
64,Produksi,9,29435137,0.276,0.453,40198408,24,1,0.606,0.86,0.341,79.57,0.305,0.598,0.738
65,Jasa,10,18113667,0.224,0.737,44019276,12,1,0.763,0.713,1.0,73.66,0.453,0.698,0.852
66,Jasa,5,20639460,0.238,0.826,41965703,12,1,0.744,0.802,1.0,70.42,0.512,0.682,0.893
67,Jasa,12,18443068,0.127,0.809,49605029,24,1,0.415,0.516,0.672,75.92,0.324,0.6,0.744
68,Retail,8,16099192,0.218,0.349,109296381,18,0,0.448,0.766,1.0,60.43,0.578,0.799,0.562
69,Kuliner,5,9924801,0.36,0.671,56874736,18,0,0.547,0.246,1.0,45.67,0.757,0.762,0.606
70,Retail,1,16565020,0.278,0.793,15881873,18,0,0.444,0.155,0.32,59.46,0.431,0.542,0.602
71,Kuliner,9,11941476,0.232,0.338,43758191,24,0,0.507,0.625,0.916,53.69,0.614,0.8,0.549
72,Retail,3,9049398,0.189,0.619,61935186,18,0,0.524,0.142,1.0,43.58,0.66,0.75,0.562
73,Produksi,10,23844266,0.192,0.667,63860337,24,0,0.673,0.814,0.67,74.52,0.455,0.645,0.742
74,Kuliner,7,22321879,0.071,0.569,28276910,36,0,0.404,0.653,0.211,68.37,0.36,0.575,0.604
75,Kuliner,6,6737457,0.238,0.305,62666078,24,0,0.813,0.862,1.0,53.45,0.636,0.827,0.667
76,Kuliner,2,16825494,0.279,0.565,55657635,18,0,0.556,0.351,1.0,46.45,0.711,0.781,0.591
77,Kuliner,9,31124881,0.11,0.564,126672723,24,1,0.744,0.489,1.0,64.21,0.508,0.781,0.748
78,Jasa,2,32231519,0.174,0.595,24055104,18,1,0.307,0.693,0.249,66.41,0.367,0.528,0.673
79,Jasa,6,31645059,0.139,0.524,27157351,18,0,0.579,0.294,0.286,62.54,0.447,0.55,0.573
80,Produksi,11,18389393,0.152,0.545,30032753,24,0,0.27,0.533,0.408,64.69,0.477,0.599,0.537
81,Jasa,12,11308977,0.224,0.613,27391616,18,1,0.723,0.628,0.807,77.93,0.403,0.67,0.784
82,Retail,12,9917862,0.074,0.695,22428617,12,1,0.491,0.883,1.0,74.1,0.585,0.736,0.793
83,Produksi,12,21756324,0.263,0.568,8793478,18,0,0.914,0.696,0.135,79.67,0.334,0.524,0.754
84,Kuliner,7,22175227,0.273,0.55,28162698,12,0,0.477,0.195,0.635,53.83,0.571,0.688,0.536
85,Kuliner,3,36539865,0.202,0.636,42099131,18,1,0.645,0.48,0.384,62.57,0.375,0.608,0.743
86,Kuliner,11,32962171,0.05,0.293,27350564,24,1,0.43,0.571,0.207,73.77,0.302,0.624,0.583
87,Jasa,10,16737404,0.15,0.701,92115079,36,0,0.684,0.217,0.917,63.2,0.604,0.683,0.649
88,Retail,12,9079858,0.306,0.62,35234861,12,0,0.577,0.446,1.0,66.19,0.625,0.75,0.633
89,Kuliner,8,15102543,0.05,0.627,66743879,24,1,0.509,0.327,1.0,53.43,0.644,0.77,0.675
90,Retail,2,20284335,0.196,0.783,39887312,18,0,0.393,0.195,0.655,61.36,0.544,0.631,0.591
91,Kuliner,7,16106549,0.137,0.288,52907850,12,1,0.328,0.51,1.0,47.73,0.58,0.831,0.542
92,Jasa,6,13098923,0.276,0.284,40244318,12,0,0.334,0.233,1.0,43.47,0.699,0.779,0.412
93,Retail,11,20686026,0.173,0.667,69389834,12,0,0.949,0.572,1.0,71.18,0.494,0.742,0.775
94,Retail,5,13642569,0.248,0.619,35992757,12,0,0.539,0.236,1.0,47.49,0.617,0.75,0.584
95,Retail,4,12742405,0.26,0.649,44853805,18,0,0.251,0.679,1.0,48.35,0.673,0.745,0.593
96,Jasa,1,21363221,0.349,0.541,42035501,18,1,0.917,0.256,0.656,65.78,0.45,0.643,0.747
97,Retail,11,14429516,0.206,0.733,30301746,24,0,0.264,0.817,0.525,82.3,0.403,0.606,0.65
98,Kuliner,10,20586369,0.246,0.779,42855724,12,1,0.543,0.121,1.0,69.05,0.523,0.742,0.699
99,Kuliner,1,20918501,0.116,0.702,106969226,12,0,0.752,0.518,1.0,57.05,0.641,0.756,0.723
100,Pertanian,6,9618476,0.303,0.576,30573988,12,1,0.89,0.356,1.0,69.75,0.477,0.81,0.769
101,Pertanian,6,13814091,0.167,0.262,43167181,24,1,0.749,0.28,0.781,57.76,0.526,0.81,0.609
102,Jasa,6,39691977,0.181,0.751,65643431,18,0,0.575,0.477,0.551,61.71,0.429,0.579,0.682
103,Kuliner,12,9499394,0.218,0.828,61897185,24,0,0.932,0.774,1.0,79.13,0.429,0.733,0.862
104,Pertanian,2,5619326,0.111,0.73,35205639,12,1,0.278,0.832,1.0,48.99,0.653,0.782,0.736
105,Produksi,4,6464702,0.236,0.47,10629718,12,0,0.941,0.343,0.822,62.54,0.517,0.72,0.665
106,Jasa,3,18290508,0.288,0.735,45317781,36,1,0.845,0.223,0.413,75.2,0.357,0.546,0.786
107,Retail,3,18308698,0.241,0.766,11537596,12,0,0.9,0.676,0.315,62.45,0.474,0.546,0.814
108,Kuliner,11,16872512,0.109,0.885,72989579,12,0,0.428,0.566,1.0,62.87,0.568,0.723,0.703
109,Kuliner,12,35099124,0.211,0.471,38095075,12,0,0.35,0.261,0.543,64.8,0.499,0.679,0.485
110,Pertanian,1,4138415,0.272,0.582,57695840,36,1,0.714,0.708,1.0,57.16,0.558,0.809,0.785
111,Retail,8,22379277,0.089,0.747,22293441,24,1,0.611,0.515,0.249,82.32,0.196,0.532,0.778
112,Kuliner,3,42485497,0.145,0.63,16104429,24,0,0.616,0.623,0.095,63.93,0.389,0.534,0.679
113,Retail,3,9680295,0.281,0.43,39874031,36,1,0.897,0.387,0.687,58.46,0.473,0.703,0.727
114,Jasa,4,14606669,0.239,0.69,34416852,12,1,0.684,0.451,1.0,62.53,0.51,0.706,0.768
115,Kuliner,3,11896940,0.249,0.718,27373562,36,0,0.468,0.244,0.383,61.16,0.533,0.593,0.599
116,Produksi,6,11006450,0.35,0.635,36513378,12,0,0.53,0.705,1.0,57.39,0.557,0.737,0.671
117,Produksi,12,15043224,0.253,0.657,139639766,24,1,0.343,0.226,1.0,71.13,0.498,0.733,0.62
118,Jasa,8,39467939,0.266,0.576,53123045,18,1,0.385,0.723,0.449,70.46,0.326,0.583,0.694
119,Retail,9,49448634,0.41,0.871,59151229,18,0,0.35,0.738,0.399,79.26,0.392,0.548,0.707
120,Jasa,6,14963370,0.205,0.467,53373614,36,1,0.817,0.697,0.594,70.95,0.4,0.641,0.773
121,Jasa,1,51323815,0.164,0.52,73338018,12,0,0.743,0.116,0.714,43.39,0.633,0.663,0.586
122,Jasa,2,18355676,0.25,0.622,31826912,36,1,0.621,0.319,0.289,64.25,0.327,0.534,0.703
123,Kuliner,4,47223980,0.251,0.769,12528016,18,1,0.512,0.475,0.088,78.46,0.226,0.507,0.75
124,Retail,3,17099642,0.183,0.365,31850561,24,1,0.718,0.576,0.466,71.26,0.402,0.657,0.689
125,Kuliner,11,19345379,0.148,0.397,52521148,36,0,0.819,0.835,0.452,73.02,0.475,0.669,0.695
126,Retail,11,22007487,0.382,0.274,21551553,12,0,0.867,0.4,0.49,61.85,0.494,0.68,0.588
127,Retail,11,103414096,0.243,0.626,32045767,36,0,0.633,0.8,0.052,70.06,0.304,0.502,0.714
128,Kuliner,8,28748305,0.169,0.43,24765788,24,0,0.824,0.231,0.215,70.25,0.388,0.601,0.598
129,Kuliner,7,12199272,0.284,0.555,74170217,24,1,0.608,0.397,1.0,61.84,0.631,0.783,0.69
130,Jasa,8,30671092,0.212,0.732,50910876,12,0,0.582,0.142,0.83,65.47,0.526,0.654,0.618
131,Kuliner,5,14751782,0.202,0.511,48478402,24,0,0.856,0.694,0.822,55.54,0.643,0.744,0.718
132,Pertanian,9,13749592,0.259,0.659,47758102,24,0,0.52,0.221,0.868,60.7,0.557,0.761,0.59
133,Jasa,10,29668993,0.13,0.569,34354171,18,0,0.527,0.306,0.386,70.11,0.397,0.568,0.576
134,Retail,10,18310393,0.245,0.734,38633748,12,0,0.463,0.72,1.0,61.93,0.61,0.729,0.689
135,Jasa,8,20980397,0.354,0.701,19351226,12,1,0.613,0.528,0.461,78.15,0.334,0.564,0.765
136,Kuliner,1,18138988,0.253,0.502,11729735,36,1,0.631,0.111,0.108,66.5,0.297,0.56,0.628
137,Pertanian,9,21660547,0.194,0.591,37727476,12,0,0.712,0.102,0.871,60.35,0.557,0.774,0.599
138,Retail,5,22739489,0.185,0.797,41154908,24,1,0.551,0.509,0.452,73.74,0.387,0.576,0.777
139,Produksi,9,6203043,0.191,0.687,64070263,36,1,0.402,0.344,1.0,67.44,0.547,0.728,0.668
140,Kuliner,7,25971161,0.202,0.383,76785511,12,0,0.857,0.244,1.0,50.03,0.714,0.814,0.594
141,Retail,11,10488308,0.194,0.731,76734185,12,1,0.492,0.591,1.0,65.13,0.584,0.73,0.753
142,Retail,5,8142581,0.284,0.436,21249562,24,0,0.896,0.283,0.652,67.23,0.488,0.693,0.63
143,Pertanian,12,17430919,0.099,0.86,29347740,12,0,0.395,0.574,0.842,64.41,0.545,0.718,0.686
144,Jasa,11,18850912,0.28,0.794,44501158,24,0,0.642,0.403,0.59,72.63,0.477,0.581,0.702
145,Retail,4,12291935,0.193,0.669,124126400,24,0,0.626,0.249,1.0,51.38,0.672,0.741,0.628
146,Kuliner,6,28429839,0.246,0.647,73361382,24,1,0.83,0.21,0.645,70.68,0.384,0.674,0.75
147,Retail,7,8603554,0.141,0.584,61255071,18,1,0.347,0.289,1.0,54.59,0.543,0.756,0.608
148,Retail,10,14390276,0.313,0.735,28831083,24,1,0.887,0.124,0.501,82.05,0.334,0.599,0.781
149,Retail,9,13048732,0.307,0.557,22505242,24,0,0.622,0.347,0.431,68.55,0.421,0.613,0.606
150,Kuliner,11,17544645,0.287,0.66,51925085,12,0,0.66,0.822,1.0,68.04,0.56,0.764,0.737
151,Produksi,5,20983725,0.114,0.768,20186568,24,1,0.607,0.765,0.241,69.18,0.366,0.515,0.829
152,Pertanian,7,10340111,0.278,0.524,31066494,36,0,0.275,0.398,0.501,65.83,0.5,0.689,0.507
153,Kuliner,6,26808721,0.248,0.515,33047935,24,0,0.598,0.561,0.308,65.32,0.471,0.61,0.624
154,Jasa,11,18634656,0.108,0.417,77618368,18,0,0.434,0.554,1.0,55.99,0.545,0.755,0.543
155,Kuliner,4,6358556,0.218,0.439,29312071,18,0,0.49,0.763,1.0,42.98,0.709,0.803,0.604
156,Jasa,8,6129704,0.246,0.309,10336933,12,0,0.704,0.289,0.843,52.11,0.624,0.734,0.534
157,Kuliner,2,17878451,0.259,0.744,45040874,12,0,0.598,0.337,1.0,49.26,0.612,0.748,0.661
158,Jasa,11,15940128,0.232,0.928,24676149,12,1,0.315,0.341,0.774,81.75,0.346,0.605,0.725
159,Jasa,5,17004716,0.24,0.862,35754051,36,0,0.301,0.133,0.35,62.76,0.402,0.506,0.581
160,Produksi,5,17725095,0.323,0.344,33515088,12,0,0.38,0.352,0.945,49.04,0.646,0.775,0.467
161,Kuliner,7,20377466,0.306,0.743,30523475,24,0,0.384,0.802,0.374,68.9,0.476,0.586,0.685
162,Pertanian,6,30313072,0.05,0.862,51962295,12,0,0.676,0.83,0.857,61.78,0.645,0.721,0.812
163,Kuliner,11,9769488,0.198,0.542,16263375,18,1,0.374,0.188,0.555,67.86,0.386,0.669,0.583
164,Kuliner,7,9447852,0.208,0.637,27027124,18,0,0.867,0.466,0.954,66.0,0.581,0.756,0.723
165,Jasa,7,9865498,0.097,0.279,49272544,18,1,0.397,0.405,1.0,42.49,0.657,0.78,0.539
166,Retail,2,21100061,0.227,0.665,25746680,24,1,0.314,0.491,0.305,61.26,0.403,0.561,0.663
167,Produksi,1,35697934,0.307,0.439,15657417,36,0,0.863,0.544,0.073,58.83,0.413,0.531,0.669
168,Produksi,5,14198482,0.144,0.654,48892584,36,1,0.457,0.116,0.574,58.76,0.47,0.623,0.631
169,Retail,12,4546860,0.244,0.355,61368420,12,1,0.548,0.774,1.0,62.65,0.594,0.798,0.673
170,Pertanian,12,7051044,0.156,0.712,34221375,24,0,0.921,0.879,1.0,64.81,0.627,0.785,0.838
171,Kuliner,8,11383917,0.173,0.794,13130336,12,0,0.911,0.623,0.577,71.05,0.414,0.629,0.817
172,Retail,8,13245010,0.323,0.487,49815836,36,0,0.75,0.628,0.627,58.44,0.554,0.677,0.669
173,Kuliner,5,14378845,0.182,0.427,15262581,24,1,0.298,0.522,0.265,60.43,0.423,0.615,0.583
174,Pertanian,3,18386034,0.252,0.253,40843500,18,1,0.665,0.367,0.74,58.64,0.527,0.8,0.599
175,Kuliner,1,15163804,0.089,0.575,22457309,12,1,0.942,0.219,0.74,60.64,0.535,0.711,0.759
176,Kuliner,5,32056775,0.35,0.521,19598018,12,1,0.913,0.567,0.306,78.79,0.305,0.608,0.795
177,Retail,4,12410740,0.262,0.356,28061346,12,0,0.324,0.136,1.0,36.23,0.739,0.797,0.416
178,Pertanian,3,11202051,0.207,0.697,31934894,36,1,0.527,0.76,0.475,63.51,0.435,0.652,0.781
179,Pertanian,4,23423817,0.26,0.544,25361796,24,0,0.471,0.437,0.271,57.03,0.401,0.626,0.575
180,Produksi,1,7735102,0.121,0.437,46978953,36,1,0.341,0.432,1.0,45.16,0.626,0.773,0.582
181,Pertanian,8,22302576,0.303,0.526,28003048,12,0,0.736,0.362,0.628,67.48,0.469,0.722,0.63
182,Pertanian,12,19044455,0.197,0.802,57136520,24,0,0.442,0.875,0.75,75.54,0.433,0.704,0.734
183,Retail,9,16597937,0.206,0.722,40283205,18,1,0.491,0.24,0.809,70.89,0.497,0.682,0.686
184,Retail,6,43117270,0.186,0.598,24694226,24,1,0.313,0.221,0.143,67.36,0.338,0.531,0.591
185,Produksi,6,12783531,0.179,0.725,22700300,18,1,0.599,0.232,0.592,69.5,0.403,0.615,0.716
186,Jasa,4,55898400,0.269,0.423,15357438,18,0,0.361,0.627,0.092,61.87,0.36,0.518,0.538
187,Retail,2,15901039,0.238,0.626,40476220,24,0,0.552,0.894,0.636,58.56,0.538,0.654,0.708
188,Kuliner,8,8917474,0.266,0.645,29313680,12,1,0.35,0.288,1.0,69.08,0.54,0.766,0.629
189,Produksi,7,18705686,0.219,0.54,10689375,18,0,0.918,0.824,0.19,69.41,0.337,0.544,0.769
190,Kuliner,1,9958604,0.256,0.694,26775589,24,0,0.351,0.323,0.672,50.74,0.585,0.672,0.573
191,Pertanian,5,11904376,0.191,0.487,22305450,12,0,0.615,0.618,0.937,56.66,0.65,0.809,0.629
192,Kuliner,4,22392813,0.376,0.707,76952385,36,0,0.388,0.132,0.573,53.11,0.482,0.644,0.553
193,Kuliner,3,24433177,0.11,0.714,14938754,24,0,0.303,0.497,0.153,59.72,0.419,0.534,0.597
194,Produksi,9,12783810,0.308,0.124,17024827,24,0,0.392,0.624,0.333,57.12,0.45,0.655,0.444
195,Kuliner,7,30983183,0.316,0.822,60967009,24,1,0.288,0.529,0.492,74.05,0.361,0.602,0.716
196,Kuliner,8,34021784,0.16,0.12,68974001,24,1,0.348,0.29,0.507,48.91,0.491,0.733,0.45
197,Jasa,9,39659786,0.376,0.515,24115544,24,1,0.595,0.763,0.152,86.73,0.21,0.517,0.739
198,Produksi,12,24084034,0.29,0.794,25515986,36,0,0.706,0.876,0.177,90.94,0.311,0.494,0.806
199,Kuliner,10,38101649,0.288,0.566,47630140,24,0,0.311,0.467,0.313,70.43,0.385,0.602,0.544
200,Retail,8,6397662,0.222,0.371,10933136,18,1,0.559,0.609,0.57,63.59,0.445,0.683,0.652
201,Produksi,11,15112514,0.205,0.434,13801140,12,1,0.657,0.732,0.457,77.22,0.401,0.632,0.723
202,Pertanian,6,11173209,0.205,0.795,30416382,24,0,0.414,0.293,0.681,56.4,0.546,0.688,0.619
203,Retail,12,19219896,0.247,0.293,75966568,12,1,0.51,0.792,1.0,62.78,0.598,0.809,0.645
204,Kuliner,10,13145437,0.318,0.812,28148189,12,1,0.3,0.324,1.0,76.78,0.463,0.736,0.678
205,Kuliner,8,16427963,0.233,0.611,36811727,12,1,0.404,0.721,1.0,64.11,0.595,0.772,0.71
206,Kuliner,11,50681854,0.156,0.417,61697456,24,1,0.577,0.19,0.304,67.7,0.386,0.626,0.598
207,Kuliner,7,16395811,0.278,0.521,100362680,12,0,0.943,0.331,1.0,59.18,0.621,0.789,0.681
208,Jasa,9,22600172,0.284,0.447,26230525,24,0,0.947,0.527,0.29,69.21,0.38,0.565,0.692
209,Kuliner,4,15841350,0.266,0.767,34706594,24,1,0.936,0.52,0.548,71.86,0.369,0.627,0.876
210,Retail,12,18765387,0.272,0.745,87040687,24,0,0.546,0.78,1.0,64.63,0.576,0.728,0.727
211,Jasa,8,18059664,0.201,0.328,16350336,18,1,0.306,0.897,0.302,67.9,0.374,0.59,0.619
212,Jasa,10,23033507,0.155,0.551,58506543,24,1,0.477,0.186,0.635,71.36,0.396,0.636,0.614
213,Kuliner,6,34168047,0.159,0.473,21035054,24,0,0.416,0.317,0.154,63.89,0.387,0.577,0.515
214,Produksi,11,44542262,0.106,0.84,36840001,18,1,0.26,0.386,0.276,81.84,0.257,0.512,0.688
215,Jasa,1,21341698,0.237,0.39,31001591,24,1,0.317,0.483,0.363,53.71,0.469,0.595,0.568
216,Produksi,2,24893894,0.214,0.893,21678961,12,1,0.567,0.495,0.435,70.96,0.404,0.544,0.811
217,Kuliner,7,9558170,0.189,0.614,21408694,36,0,0.488,0.785,0.373,68.74,0.396,0.609,0.667
218,Kuliner,9,17150710,0.05,0.422,40187470,12,1,0.376,0.716,1.0,54.34,0.564,0.806,0.638
219,Pertanian,10,30190610,0.133,0.505,57576686,24,0,0.751,0.115,0.477,62.99,0.497,0.687,0.583
220,Retail,6,28981408,0.298,0.484,32801687,24,0,0.5,0.464,0.283,66.41,0.46,0.588,0.568
221,Retail,8,20221717,0.173,0.403,36248741,12,0,0.846,0.594,0.896,56.62,0.636,0.762,0.661
222,Retail,7,29308818,0.245,0.636,46569001,24,1,0.419,0.468,0.397,73.43,0.298,0.59,0.678
223,Jasa,12,23577514,0.123,0.411,21531967,12,1,0.627,0.205,0.457,78.2,0.31,0.615,0.612
224,Pertanian,8,34832129,0.321,0.249,50662922,24,0,0.379,0.418,0.364,57.21,0.458,0.703,0.446
225,Kuliner,6,21105197,0.21,0.555,52721303,24,0,0.597,0.429,0.625,64.13,0.491,0.685,0.613
226,Pertanian,12,14801636,0.24,0.314,128658449,12,1,0.357,0.25,1.0,59.52,0.624,0.857,0.512
227,Kuliner,2,21651710,0.383,0.492,29000004,12,1,0.363,0.705,0.67,54.86,0.462,0.708,0.656
228,Jasa,12,3591410,0.326,0.465,27835360,24,0,0.679,0.357,1.0,57.55,0.547,0.747,0.593
229,Jasa,2,22219247,0.199,0.472,51409912,18,1,0.435,0.571,0.771,52.4,0.503,0.686,0.645
230,Kuliner,4,3000000,0.178,0.96,52715005,36,1,0.371,0.513,1.0,60.19,0.565,0.71,0.783
231,Kuliner,10,6975939,0.197,0.63,26783994,24,1,0.901,0.802,0.96,74.21,0.49,0.759,0.871
232,Retail,9,23077185,0.256,0.662,28610298,24,1,0.28,0.198,0.31,75.96,0.324,0.563,0.599
233,Pertanian,12,23406480,0.213,0.318,45874687,18,1,0.646,0.191,0.653,71.73,0.465,0.766,0.583
234,Jasa,9,9497570,0.192,0.509,23139843,24,1,0.634,0.34,0.609,71.05,0.331,0.637,0.672
235,Pertanian,8,12166857,0.323,0.657,28505044,36,1,0.425,0.445,0.39,73.31,0.399,0.637,0.682
236,Produksi,5,38250985,0.212,0.446,36603521,12,0,0.567,0.339,0.478,49.05,0.531,0.635,0.551
237,Retail,1,13792917,0.381,0.774,57588184,18,0,0.311,0.711,1.0,53.06,0.664,0.722,0.658
238,Produksi,2,61804608,0.226,0.416,25869088,12,1,0.755,0.296,0.209,67.1,0.287,0.571,0.666
239,Kuliner,4,17981003,0.345,0.571,13931547,18,0,0.405,0.168,0.258,62.08,0.431,0.587,0.518
240,Kuliner,1,22528736,0.245,0.52,13424070,24,1,0.385,0.431,0.149,73.5,0.302,0.567,0.622
241,Produksi,7,43800826,0.287,0.648,18646184,18,0,0.47,0.719,0.142,79.0,0.342,0.511,0.661
242,Produksi,10,19345052,0.169,0.511,18151700,24,0,0.882,0.78,0.235,80.4,0.259,0.56,0.741
243,Kuliner,12,10371717,0.16,0.574,32396250,18,0,0.808,0.687,1.0,61.47,0.599,0.779,0.725
244,Retail,6,16945828,0.252,0.58,19315502,12,0,0.913,0.546,0.57,65.34,0.437,0.645,0.731
245,Jasa,11,17650884,0.289,0.495,24630132,18,0,0.706,0.679,0.465,72.87,0.418,0.602,0.668
246,Produksi,12,8497431,0.223,0.702,23767168,36,0,0.714,0.645,0.466,74.81,0.424,0.586,0.735
247,Jasa,11,15637379,0.13,0.661,28081026,24,1,0.586,0.287,0.449,78.83,0.359,0.568,0.7
248,Retail,6,11967158,0.125,0.605,67802579,18,0,0.884,0.541,1.0,58.93,0.587,0.753,0.73
249,Retail,4,29927223,0.12,0.547,48731316,24,0,0.608,0.716,0.407,57.18,0.517,0.609,0.665
250,Retail,12,18345940,0.096,0.755,35283406,12,0,0.499,0.354,0.962,67.29,0.598,0.716,0.64
251,Jasa,3,15407187,0.228,0.58,27794410,18,0,0.698,0.623,0.601,60.77,0.44,0.622,0.685
252,Produksi,5,16978905,0.299,0.568,28183360,12,0,0.632,0.485,0.83,50.71,0.632,0.705,0.637
253,Retail,1,20350162,0.219,0.638,41232274,36,1,0.337,0.503,0.338,63.99,0.415,0.575,0.662
254,Kuliner,10,25270042,0.062,0.908,46872568,24,1,0.525,0.172,0.464,78.58,0.326,0.579,0.747
255,Kuliner,8,10386740,0.207,0.392,22232147,24,0,0.469,0.633,0.535,63.48,0.442,0.691,0.559
256,Produksi,2,10150252,0.209,0.751,35644271,12,1,0.843,0.793,1.0,64.35,0.555,0.716,0.894
257,Produksi,3,33047480,0.367,0.298,12673818,12,0,0.515,0.213,0.192,60.66,0.373,0.587,0.464
258,Kuliner,7,14347654,0.118,0.657,38908197,24,0,0.825,0.393,0.678,64.24,0.505,0.68,0.705
259,Kuliner,7,8257390,0.193,0.888,51234989,18,1,0.56,0.139,1.0,60.57,0.551,0.723,0.744
260,Jasa,10,22976426,0.339,0.703,30426494,36,0,0.777,0.124,0.221,73.08,0.371,0.501,0.659
261,Kuliner,4,23224904,0.251,0.649,86800429,24,1,0.345,0.892,0.934,65.79,0.487,0.749,0.738
262,Produksi,12,7756090,0.259,0.525,22527321,18,0,0.897,0.495,0.968,71.42,0.502,0.748,0.699
263,Retail,6,20421468,0.228,0.625,39019763,24,0,0.586,0.384,0.478,65.13,0.46,0.613,0.626
264,Kuliner,10,26975862,0.243,0.577,34378648,36,0,0.432,0.32,0.212,76.15,0.378,0.574,0.555
265,Pertanian,3,22115624,0.274,0.486,33288075,18,0,0.419,0.884,0.502,62.04,0.575,0.697,0.622
266,Kuliner,1,25481726,0.163,0.571,33055467,24,1,0.436,0.302,0.324,64.06,0.332,0.604,0.63
267,Kuliner,1,8314689,0.281,0.654,36925434,36,0,0.507,0.681,0.74,51.34,0.608,0.697,0.667
268,Kuliner,5,21594612,0.124,0.49,53481053,12,1,0.752,0.327,1.0,63.46,0.499,0.794,0.696
269,Kuliner,12,15240112,0.243,0.483,69701106,36,1,0.915,0.156,0.762,75.31,0.454,0.734,0.708
270,Kuliner,1,13802327,0.233,0.389,34960643,12,0,0.718,0.647,1.0,44.21,0.661,0.812,0.63
271,Kuliner,5,29054615,0.177,0.686,52615255,24,0,0.633,0.101,0.453,58.92,0.468,0.617,0.609
272,Kuliner,2,40608311,0.218,0.713,24642303,24,0,0.564,0.641,0.152,68.71,0.35,0.534,0.696
273,Kuliner,12,48292453,0.176,0.659,51332588,24,0,0.83,0.3,0.266,71.41,0.378,0.573,0.691
274,Jasa,9,37096257,0.145,0.784,23911327,18,1,0.845,0.697,0.215,91.27,0.205,0.485,0.889
275,Jasa,10,16945765,0.195,0.635,60381214,24,0,0.455,0.716,0.891,58.86,0.589,0.688,0.652
276,Retail,9,21853648,0.143,0.687,105706724,12,1,0.917,0.679,1.0,73.9,0.472,0.738,0.873
277,Retail,8,27443363,0.243,0.672,32927432,12,1,0.527,0.12,0.6,67.67,0.372,0.637,0.657
278,Retail,10,19240542,0.139,0.604,11694005,18,0,0.81,0.663,0.203,76.4,0.358,0.545,0.732
279,Produksi,1,19342255,0.27,0.53,26610652,24,1,0.927,0.892,0.344,70.89,0.34,0.585,0.86
280,Produksi,11,28316254,0.137,0.996,64798706,18,0,0.743,0.294,0.763,73.69,0.509,0.61,0.78
281,Kuliner,9,17422567,0.18,0.543,46149515,12,1,0.363,0.319,1.0,66.29,0.496,0.785,0.604
282,Kuliner,9,12052402,0.176,0.507,39638658,36,0,0.66,0.751,0.548,72.07,0.383,0.674,0.672
283,Kuliner,5,14330807,0.313,0.694,57955892,18,1,0.333,0.228,1.0,59.6,0.557,0.758,0.63
284,Kuliner,10,25508774,0.243,0.663,44592906,18,1,0.802,0.628,0.583,80.12,0.398,0.655,0.823
285,Jasa,5,18029658,0.205,0.381,64341874,18,1,0.447,0.704,1.0,58.22,0.555,0.762,0.641
286,Retail,1,21703797,0.255,0.811,55426615,12,0,0.737,0.13,1.0,57.21,0.608,0.716,0.685
287,Kuliner,11,26021298,0.072,0.604,74903325,24,1,0.887,0.543,0.72,71.8,0.398,0.701,0.811
288,Retail,3,14646611,0.217,0.431,41877392,18,0,0.377,0.561,0.953,44.54,0.737,0.772,0.533
289,Retail,2,27284213,0.36,0.822,55035463,12,1,0.525,0.343,1.0,54.65,0.543,0.714,0.748
290,Kuliner,8,22169893,0.229,0.726,30017619,36,0,0.703,0.801,0.226,82.7,0.284,0.55,0.768
291,Produksi,3,9126886,0.225,0.405,25909706,24,0,0.544,0.23,0.71,56.84,0.57,0.703,0.511
292,Kuliner,11,39790946,0.258,0.922,82165202,24,0,0.372,0.391,0.516,74.66,0.353,0.591,0.668
293,Pertanian,6,13666699,0.283,0.732,38995662,36,0,0.27,0.779,0.476,56.95,0.562,0.645,0.645
294,Kuliner,1,7243245,0.08,0.618,52341437,36,0,0.535,0.253,1.0,45.23,0.71,0.771,0.585
295,Produksi,12,10130977,0.102,0.89,37233842,18,1,0.704,0.757,1.0,74.79,0.496,0.691,0.896
296,Pertanian,7,10265584,0.235,0.647,26104044,24,0,0.652,0.163,0.636,58.78,0.562,0.702,0.612
297,Pertanian,4,18523998,0.17,0.615,35192729,24,1,0.359,0.491,0.475,66.38,0.409,0.666,0.658
298,Produksi,9,15483175,0.312,0.508,71761281,18,0,0.565,0.16,1.0,56.25,0.58,0.76,0.54
299,Produksi,7,14956024,0.198,0.719,46199459,12,1,0.509,0.642,1.0,63.65,0.521,0.722,0.762
300,Jasa,1,25310209,0.085,0.701,14873952,12,1,0.442,0.732,0.294,65.22,0.321,0.521,0.754
301,Produksi,10,21699804,0.131,0.622,31428837,24,0,0.76,0.78,0.362,75.75,0.385,0.573,0.745
302,Kuliner,5,21417280,0.05,0.486,85327343,24,1,0.467,0.885,0.996,54.02,0.616,0.794,0.715
303,Retail,9,22550955,0.204,0.642,31451593,24,1,0.628,0.638,0.349,75.35,0.373,0.577,0.769
304,Retail,11,25260599,0.207,0.608,14226533,18,1,0.896,0.715,0.188,87.67,0.23,0.541,0.846
305,Produksi,8,5646283,0.19,0.393,90185847,12,0,0.627,0.505,1.0,53.92,0.662,0.78,0.58
306,Retail,9,14730655,0.296,0.37,49232025,18,0,0.682,0.83,1.0,57.76,0.602,0.795,0.646
307,Retail,4,5426293,0.304,0.716,33795972,24,1,0.301,0.615,1.0,54.48,0.563,0.733,0.699
308,Jasa,3,18360557,0.208,0.178,29068037,36,0,0.375,0.807,0.264,57.33,0.459,0.607,0.491
309,Kuliner,5,17954192,0.071,0.655,60130910,36,1,0.321,0.288,0.558,50.19,0.5,0.65,0.624
310,Kuliner,11,31989717,0.263,0.539,26691799,36,0,0.785,0.497,0.139,76.86,0.332,0.562,0.673
311,Retail,7,34590209,0.259,0.842,62145367,36,1,0.835,0.684,0.299,84.56,0.222,0.528,0.903
312,Retail,5,20123696,0.242,0.536,45899109,36,0,0.381,0.262,0.38,59.08,0.437,0.604,0.516
313,Kuliner,10,13669583,0.289,0.732,39554878,18,0,0.403,0.269,0.965,62.61,0.606,0.741,0.59
314,Retail,11,23504934,0.138,0.553,37641436,12,1,0.476,0.882,0.801,75.36,0.451,0.71,0.74
315,Retail,11,13463968,0.361,0.639,32068173,12,1,0.664,0.448,1.0,69.65,0.461,0.747,0.744
316,Retail,4,17986218,0.153,0.745,59037222,18,1,0.685,0.245,1.0,62.88,0.557,0.727,0.749
317,Retail,9,30961569,0.272,0.541,22707077,18,1,0.731,0.365,0.244,80.52,0.251,0.568,0.714
318,Jasa,8,13244701,0.102,0.789,15555052,12,0,0.884,0.418,0.587,64.24,0.476,0.581,0.771
319,Kuliner,6,28036157,0.155,0.451,47587405,36,0,0.457,0.598,0.283,69.06,0.447,0.615,0.569
320,Pertanian,5,26126301,0.326,0.67,47988780,12,0,0.711,0.838,0.918,56.32,0.646,0.772,0.758
321,Pertanian,2,10646554,0.202,0.777,44499085,36,0,0.642,0.889,0.697,63.45,0.557,0.695,0.784
322,Retail,4,30753799,0.279,0.732,42914607,24,0,0.464,0.621,0.349,68.68,0.475,0.561,0.671
323,Retail,7,26432208,0.237,0.946,29816975,24,1,0.885,0.66,0.282,91.05,0.194,0.505,0.92
324,Retail,11,19037886,0.213,0.49,51888097,24,0,0.317,0.357,0.681,57.44,0.509,0.691,0.5
325,Produksi,11,11835386,0.315,0.386,34211745,18,0,0.748,0.786,0.964,66.59,0.526,0.772,0.662
326,Jasa,3,11221240,0.203,0.451,27434224,24,0,0.76,0.274,0.611,48.48,0.559,0.648,0.595
327,Produksi,9,13391998,0.095,0.732,29946199,12,0,0.891,0.185,1.0,61.21,0.507,0.719,0.712
328,Retail,2,24259268,0.164,0.705,96126777,36,0,0.613,0.879,0.66,57.97,0.529,0.646,0.749
329,Jasa,9,10641675,0.259,0.637,14700184,18,1,0.475,0.791,0.46,75.45,0.316,0.575,0.752
330,Kuliner,5,22896945,0.248,0.429,44936128,18,0,0.829,0.343,0.654,59.46,0.56,0.715,0.62
331,Produksi,6,9092103,0.11,0.75,15116590,24,1,0.79,0.64,0.416,82.18,0.307,0.564,0.851
332,Kuliner,9,16088971,0.169,0.412,33156255,24,1,0.6,0.474,0.515,67.29,0.388,0.682,0.653
333,Jasa,6,19118912,0.179,0.817,28177797,18,1,0.788,0.359,0.491,80.47,0.335,0.551,0.823
334,Produksi,10,69075032,0.194,1.0,12339851,24,1,0.438,0.329,0.045,90.24,0.193,0.423,0.782
335,Kuliner,7,8438868,0.124,0.682,42515421,12,0,0.663,0.209,1.0,51.09,0.628,0.76,0.635
336,Jasa,12,40446486,0.176,0.719,28943019,24,0,0.856,0.539,0.179,83.03,0.264,0.487,0.761
337,Kuliner,8,19546282,0.169,0.536,12252682,18,0,0.473,0.457,0.209,65.69,0.322,0.58,0.577
338,Jasa,4,22567624,0.274,0.312,53257152,18,1,0.588,0.51,0.787,54.56,0.485,0.719,0.623
339,Kuliner,10,19210617,0.277,0.518,71725846,12,1,0.916,0.272,1.0,70.27,0.473,0.789,0.741
340,Pertanian,5,22987981,0.21,0.434,73730034,18,0,0.809,0.851,1.0,55.26,0.644,0.835,0.707
341,Kuliner,7,16541046,0.193,0.374,41880749,18,0,0.871,0.611,0.844,51.08,0.588,0.775,0.661
342,Pertanian,2,40048826,0.23,0.913,35815370,18,1,0.52,0.82,0.298,70.84,0.333,0.567,0.863
343,Produksi,2,14003575,0.163,0.666,67994470,12,1,0.948,0.187,1.0,61.17,0.497,0.731,0.786
344,Jasa,7,33552144,0.14,0.685,81169524,12,0,0.357,0.598,1.0,51.27,0.644,0.707,0.62
345,Produksi,3,12628673,0.154,0.567,61690652,24,1,0.613,0.78,1.0,59.55,0.564,0.749,0.765
346,Produksi,12,17413282,0.176,0.591,21858268,12,1,0.585,0.365,0.628,77.56,0.381,0.648,0.69
347,Pertanian,11,9982089,0.139,0.784,38707001,24,1,0.809,0.256,0.969,67.24,0.519,0.765,0.799
348,Kuliner,9,23118538,0.231,0.615,43602136,36,0,0.886,0.312,0.314,68.32,0.355,0.594,0.693
349,Jasa,9,39852735,0.271,0.71,14161678,18,0,0.762,0.318,0.118,86.21,0.229,0.473,0.692
350,Kuliner,8,17250237,0.109,0.587,44257657,36,1,0.689,0.458,0.428,74.51,0.335,0.628,0.735
351,Jasa,1,16152658,0.222,0.562,109054087,12,1,0.549,0.361,1.0,51.08,0.575,0.729,0.67
352,Kuliner,5,9750635,0.205,0.381,48197933,12,0,0.607,0.317,1.0,42.53,0.706,0.814,0.537
353,Jasa,6,15867307,0.244,0.284,73116540,24,1,0.607,0.619,1.0,54.06,0.623,0.779,0.638
354,Jasa,11,7495740,0.219,0.576,38351952,24,0,0.264,0.142,1.0,49.04,0.679,0.727,0.475
355,Retail,3,10894835,0.118,0.63,33741850,24,1,0.602,0.372,0.774,63.23,0.447,0.69,0.71
356,Retail,6,20391213,0.132,0.401,42350649,12,0,0.849,0.652,1.0,50.04,0.679,0.789,0.672
357,Produksi,5,37182158,0.222,0.614,23276278,24,1,0.746,0.241,0.157,80.5,0.269,0.521,0.721
358,Produksi,2,84389057,0.292,0.629,21616577,18,0,0.807,0.277,0.085,67.51,0.325,0.5,0.67
359,Retail,2,13036459,0.065,0.253,65923853,18,0,0.523,0.261,1.0,31.13,0.79,0.816,0.46
360,Jasa,5,39637944,0.244,0.464,69513379,12,0,0.62,0.101,0.877,48.65,0.62,0.715,0.53
361,Pertanian,1,20582385,0.303,0.689,21323183,36,1,0.273,0.479,0.173,57.65,0.347,0.574,0.657
362,Kuliner,1,16563236,0.209,0.686,56789274,12,0,0.518,0.131,1.0,45.06,0.705,0.759,0.582
363,Kuliner,5,22835097,0.259,0.424,33510810,24,0,0.582,0.318,0.367,58.65,0.482,0.641,0.544
364,Kuliner,3,18623530,0.171,0.647,41481699,24,1,0.429,0.896,0.557,69.75,0.396,0.651,0.761
365,Jasa,7,19126779,0.212,0.794,44055816,24,0,0.272,0.835,0.576,59.24,0.499,0.577,0.676
366,Retail,1,14379283,0.107,0.752,57542471,24,0,0.733,0.272,1.0,54.35,0.606,0.726,0.69
367,Produksi,4,8342905,0.056,0.604,36477921,36,0,0.555,0.348,0.729,55.69,0.582,0.672,0.603
368,Jasa,6,7701213,0.286,0.54,70840372,12,1,0.541,0.471,1.0,65.93,0.505,0.733,0.68
369,Retail,12,25781481,0.151,0.513,40856032,12,0,0.425,0.776,0.792,62.85,0.544,0.715,0.613
370,Pertanian,8,15458928,0.188,0.7,47819820,24,0,0.626,0.742,0.773,69.06,0.528,0.729,0.727
371,Produksi,11,12968494,0.123,0.653,23074238,18,0,0.557,0.201,0.593,59.66,0.468,0.628,0.594
372,Kuliner,5,18084403,0.121,0.727,102994704,12,0,0.582,0.2,1.0,54.64,0.604,0.752,0.626
373,Retail,6,27870938,0.208,0.642,44267932,12,0,0.657,0.433,0.794,56.48,0.496,0.692,0.66
374,Retail,6,19877172,0.169,0.759,49991189,18,0,0.254,0.796,0.838,51.54,0.631,0.683,0.653
375,Kuliner,11,12547752,0.246,0.636,15662278,12,0,0.885,0.806,0.624,71.32,0.418,0.67,0.789
376,Kuliner,12,35333548,0.252,0.753,23196399,12,0,0.3,0.186,0.328,72.27,0.395,0.572,0.554
377,Pertanian,12,42902229,0.242,0.768,64993672,36,1,0.566,0.559,0.252,83.79,0.282,0.581,0.78
378,Retail,10,23626712,0.237,0.483,40398539,18,0,0.395,0.225,0.57,61.87,0.516,0.663,0.495
379,Retail,7,30749898,0.33,0.313,13442996,36,0,0.617,0.649,0.073,62.12,0.342,0.564,0.576
380,Jasa,7,35639328,0.145,0.882,58820652,36,1,0.446,0.833,0.275,74.05,0.3,0.483,0.835
381,Jasa,12,33512764,0.216,0.664,26667795,12,1,0.852,0.464,0.398,91.34,0.292,0.554,0.808
382,Pertanian,4,25232335,0.299,0.329,70881293,24,1,0.527,0.166,0.702,58.6,0.568,0.777,0.549
383,Produksi,5,25014675,0.309,0.499,33496140,24,0,0.697,0.563,0.335,62.4,0.471,0.588,0.646
384,Retail,11,23955192,0.12,0.751,38772119,24,0,0.424,0.427,0.405,71.05,0.419,0.572,0.631
385,Retail,5,9843743,0.198,0.572,63106599,12,0,0.264,0.749,1.0,53.75,0.599,0.759,0.583
386,Pertanian,3,26463581,0.315,0.533,22344978,12,0,0.533,0.372,0.422,60.27,0.512,0.667,0.577
387,Jasa,7,8539258,0.256,0.858,21304635,12,0,0.626,0.8,1.0,66.76,0.547,0.676,0.791
388,Pertanian,4,11627140,0.234,0.442,31724805,24,0,0.572,0.319,0.682,56.11,0.587,0.751,0.548
389,Kuliner,11,36867579,0.205,0.484,52928104,36,0,0.923,0.226,0.239,71.33,0.353,0.597,0.644
390,Produksi,11,28573875,0.193,0.656,17991680,24,1,0.745,0.345,0.157,85.63,0.212,0.514,0.754
391,Jasa,4,40790158,0.24,0.686,15200537,24,0,0.947,0.128,0.093,73.09,0.323,0.471,0.702
392,Kuliner,7,15501718,0.202,0.704,52836832,36,0,0.457,0.325,0.568,61.33,0.512,0.643,0.606
393,Jasa,12,9550895,0.217,0.775,25890055,24,1,0.802,0.628,0.678,82.56,0.361,0.607,0.861
394,Jasa,9,15770345,0.226,0.654,28767177,12,1,0.639,0.214,0.912,67.79,0.457,0.69,0.7
395,Kuliner,3,19038990,0.173,0.703,13831421,36,0,0.678,0.189,0.121,66.66,0.328,0.527,0.643
396,Retail,8,18799223,0.257,0.576,24924678,18,0,0.94,0.206,0.442,65.85,0.501,0.613,0.676
397,Produksi,8,33578837,0.424,0.631,34867823,12,0,0.708,0.162,0.519,72.71,0.507,0.613,0.622
398,Kuliner,8,14756343,0.096,0.638,55731025,24,0,0.879,0.8,0.944,59.3,0.613,0.753,0.787
399,Retail,1,21845408,0.243,0.657,23801128,36,1,0.758,0.855,0.182,75.73,0.236,0.531,0.849
400,Retail,4,10450260,0.167,0.751,80160921,18,0,0.339,0.137,1.0,47.04,0.644,0.726,0.555
401,Retail,11,23058772,0.26,0.714,24855276,18,0,0.74,0.708,0.359,81.61,0.356,0.566,0.757
402,Pertanian,3,18030801,0.223,0.628,24873480,12,0,0.589,0.69,0.69,49.24,0.654,0.72,0.682
403,Produksi,4,11917101,0.273,0.482,75492011,12,0,0.893,0.898,1.0,61.23,0.547,0.764,0.756
404,Kuliner,4,15810363,0.302,0.632,38903263,12,0,0.815,0.378,1.0,53.38,0.638,0.769,0.691
405,Pertanian,3,16265968,0.233,0.615,26558124,24,0,0.323,0.328,0.408,60.94,0.487,0.649,0.539
406,Produksi,2,15514676,0.299,0.653,32387790,36,1,0.344,0.462,0.348,65.17,0.404,0.564,0.661
407,Kuliner,5,47684645,0.056,0.995,68846876,12,1,0.299,0.785,0.722,69.57,0.429,0.631,0.823
408,Produksi,11,17051300,0.331,0.531,72853420,18,0,0.595,0.683,1.0,71.09,0.48,0.756,0.65
409,Kuliner,1,15740372,0.246,0.692,23265032,12,0,0.307,0.477,0.739,49.74,0.627,0.69,0.587
410,Pertanian,4,5678992,0.295,0.802,34265231,12,1,0.757,0.296,1.0,70.11,0.549,0.769,0.798
411,Jasa,1,11007289,0.135,0.637,36613846,24,0,0.637,0.682,0.832,52.97,0.589,0.672,0.697
412,Jasa,7,15575223,0.162,1.0,21375128,24,0,0.835,0.784,0.343,84.17,0.325,0.48,0.895
413,Kuliner,4,12343786,0.23,0.556,34038953,24,1,0.446,0.42,0.689,61.01,0.465,0.702,0.649
414,Pertanian,10,38486631,0.219,0.675,35093274,18,0,0.613,0.635,0.304,78.47,0.33,0.611,0.696
415,Kuliner,8,16438990,0.24,0.484,61895829,24,0,0.332,0.42,0.941,48.72,0.692,0.78,0.513
416,Kuliner,10,36562243,0.296,0.56,64011361,12,0,0.869,0.483,0.875,62.27,0.579,0.749,0.701
417,Kuliner,8,18621360,0.096,0.662,29688013,12,0,0.373,0.52,0.797,54.56,0.609,0.71,0.603
418,Produksi,6,18372355,0.288,0.764,31449135,36,0,0.322,0.721,0.285,71.23,0.429,0.528,0.659
419,Kuliner,11,17142036,0.221,0.674,48788480,24,1,0.394,0.882,0.712,74.54,0.375,0.686,0.758
420,Pertanian,6,18037622,0.206,0.834,26121372,36,0,0.814,0.455,0.241,78.6,0.326,0.566,0.774
421,Jasa,12,46326262,0.117,0.604,46977471,36,0,0.324,0.374,0.169,76.86,0.319,0.506,0.543
422,Kuliner,12,5025806,0.255,0.564,33494955,24,1,0.68,0.399,1.0,65.79,0.504,0.781,0.714
423,Kuliner,8,5986588,0.051,1.0,21555883,36,0,0.772,0.207,0.6,68.11,0.5,0.598,0.774
424,Kuliner,9,13351487,0.265,0.687,21691700,18,0,0.776,0.338,0.542,65.14,0.47,0.64,0.692
425,Jasa,4,18144402,0.116,0.498,72159389,12,0,0.383,0.169,1.0,50.62,0.607,0.741,0.487
426,Produksi,10,26309476,0.224,0.502,32366933,12,1,0.293,0.442,0.615,68.44,0.417,0.661,0.592
427,Kuliner,9,23349363,0.212,0.46,79481565,12,0,0.564,0.234,1.0,54.34,0.643,0.8,0.536
428,Produksi,11,14571047,0.302,0.779,27072811,12,1,0.392,0.377,0.929,66.48,0.527,0.692,0.703
429,Kuliner,4,31527046,0.207,0.558,40485774,18,1,0.739,0.735,0.428,71.71,0.379,0.633,0.789
430,Produksi,10,31721010,0.171,0.642,115779373,24,1,0.5,0.297,0.912,68.05,0.498,0.713,0.671
431,Pertanian,6,19917596,0.185,0.609,20628110,24,1,0.565,0.59,0.259,73.23,0.34,0.611,0.731
432,Produksi,3,30564323,0.309,0.744,13550735,24,1,0.329,0.821,0.111,82.05,0.222,0.486,0.753
433,Jasa,3,20912073,0.258,0.476,66595908,12,1,0.647,0.554,1.0,66.21,0.48,0.745,0.703
434,Produksi,7,13217690,0.193,0.437,23148813,24,1,0.38,0.255,0.438,60.18,0.432,0.626,0.561
435,Kuliner,4,26421314,0.203,0.658,34639508,18,1,0.725,0.376,0.437,66.72,0.383,0.618,0.754
436,Kuliner,2,19129066,0.11,0.722,26111843,12,1,0.3,0.572,0.683,55.66,0.569,0.67,0.692
437,Kuliner,6,18013269,0.247,0.677,40022006,18,1,0.933,0.505,0.741,79.65,0.437,0.693,0.842
438,Retail,8,40467380,0.097,0.482,21760142,18,0,0.729,0.219,0.179,70.96,0.38,0.561,0.588
439,Produksi,4,4675762,0.273,0.735,31988550,18,1,0.377,0.457,1.0,59.43,0.563,0.719,0.698
440,Jasa,12,8253567,0.229,0.494,43827248,24,0,0.26,0.534,1.0,56.59,0.606,0.742,0.517
441,Produksi,10,9369718,0.387,0.531,21140563,24,1,0.484,0.314,0.564,70.17,0.35,0.642,0.633
442,Kuliner,7,14740199,0.143,0.46,24663047,24,0,0.357,0.59,0.418,62.46,0.457,0.648,0.542
443,Produksi,12,15647908,0.213,0.841,29419468,12,1,0.403,0.156,0.94,69.75,0.482,0.684,0.687
444,Kuliner,6,7856511,0.346,0.728,17131868,24,1,0.861,0.369,0.545,76.6,0.372,0.633,0.815
445,Kuliner,2,10470218,0.303,0.723,28334144,24,1,0.672,0.743,0.677,71.79,0.436,0.668,0.828
446,Jasa,1,11211150,0.171,0.832,37141923,12,0,0.374,0.307,1.0,47.7,0.69,0.681,0.623
447,Pertanian,12,69543678,0.236,1.0,28662040,24,1,0.64,0.584,0.103,95.52,0.147,0.5,0.884
448,Jasa,12,48488654,0.22,0.329,30559018,18,1,0.429,0.428,0.21,75.12,0.258,0.566,0.569
449,Kuliner,9,14352291,0.24,0.494,34653448,18,1,0.933,0.353,0.805,73.58,0.488,0.743,0.753
450,Jasa,2,14737584,0.171,0.515,25215940,12,1,0.273,0.833,0.855,61.18,0.529,0.7,0.662
451,Kuliner,4,9566903,0.214,0.475,49445910,24,0,0.763,0.375,1.0,52.33,0.635,0.797,0.623
452,Pertanian,1,6302208,0.108,0.437,71760711,12,0,0.791,0.289,1.0,45.62,0.692,0.835,0.602
453,Jasa,1,16879294,0.229,0.569,27747836,12,0,0.297,0.827,0.822,48.68,0.61,0.682,0.606
454,Kuliner,3,10397373,0.252,0.413,44609515,12,1,0.37,0.697,1.0,49.08,0.618,0.808,0.63
455,Kuliner,7,17179279,0.204,0.677,31048158,36,0,0.519,0.645,0.301,72.65,0.398,0.579,0.672
456,Kuliner,1,7465247,0.107,0.629,42017733,18,1,0.858,0.14,1.0,54.84,0.673,0.769,0.739
457,Pertanian,12,11837658,0.289,0.702,76572486,18,1,0.626,0.205,1.0,65.2,0.543,0.787,0.711
458,Retail,6,19533221,0.246,0.706,45135895,18,0,0.709,0.611,0.77,63.04,0.555,0.675,0.729
459,Produksi,4,22016387,0.169,0.723,14420356,36,0,0.798,0.268,0.109,70.88,0.281,0.49,0.697
460,Jasa,7,22645957,0.2,0.557,43918949,24,0,0.83,0.281,0.485,63.86,0.438,0.596,0.652
461,Jasa,10,8706787,0.115,0.981,64830744,36,1,0.583,0.723,1.0,82.34,0.459,0.654,0.887
462,Kuliner,4,28802118,0.148,0.66,31329181,18,0,0.606,0.329,0.363,64.07,0.457,0.598,0.633
463,Pertanian,1,11591306,0.182,0.303,57579435,12,0,0.753,0.157,1.0,44.44,0.548,0.859,0.522
464,Retail,1,25494012,0.306,0.45,24786280,24,1,0.434,0.129,0.243,62.38,0.393,0.584,0.558
465,Jasa,11,17894985,0.175,0.324,16652802,18,0,0.848,0.455,0.31,70.4,0.447,0.593,0.609
466,Jasa,2,8443177,0.265,0.623,37559734,24,1,0.265,0.594,1.0,50.48,0.523,0.718,0.653
467,Jasa,8,15126725,0.182,0.599,14542999,36,0,0.387,0.795,0.16,71.77,0.393,0.504,0.635
468,Pertanian,5,22006147,0.237,0.54,31045770,18,0,0.81,0.189,0.47,61.67,0.393,0.679,0.625
469,Kuliner,10,25216605,0.21,0.962,66604304,36,0,0.488,0.257,0.44,69.53,0.463,0.564,0.69
470,Retail,1,16656964,0.281,0.713,13470022,24,0,0.355,0.524,0.202,60.83,0.419,0.526,0.616
471,Retail,11,41798069,0.183,0.743,18459879,18,0,0.381,0.391,0.147,74.44,0.249,0.506,0.61
472,Retail,9,31327700,0.11,0.462,20891282,18,1,0.622,0.486,0.222,76.39,0.303,0.576,0.678
473,Kuliner,6,15630310,0.123,0.45,33909260,12,0,0.842,0.839,1.0,57.13,0.662,0.801,0.72
474,Kuliner,3,27192434,0.183,0.626,29151013,24,0,0.299,0.536,0.268,57.36,0.472,0.579,0.573
475,Kuliner,12,52141343,0.133,0.649,70450917,12,0,0.271,0.432,0.676,64.8,0.528,0.681,0.555
476,Retail,4,52912430,0.249,0.304,56402993,18,0,0.576,0.892,0.355,59.19,0.448,0.639,0.605
477,Retail,6,9161151,0.187,0.589,44834796,24,1,0.919,0.152,1.0,51.17,0.533,0.756,0.745
478,Jasa,5,10813318,0.386,0.622,37643610,12,0,0.445,0.846,1.0,56.06,0.636,0.718,0.669
479,Jasa,3,40734569,0.098,0.583,42604631,12,1,0.921,0.501,0.523,73.0,0.424,0.601,0.807
480,Retail,5,10057485,0.234,0.482,22745263,24,0,0.871,0.503,0.565,55.79,0.567,0.662,0.678
481,Retail,2,8696965,0.141,0.528,53729019,12,0,0.448,0.838,1.0,47.28,0.601,0.767,0.636
482,Kuliner,1,13776510,0.185,0.59,20072003,18,0,0.822,0.506,0.486,65.66,0.408,0.642,0.702
483,Jasa,4,22680294,0.23,0.635,53145666,18,0,0.73,0.451,0.781,55.87,0.535,0.659,0.682
484,Retail,2,17014290,0.057,0.723,63333810,12,1,0.608,0.318,1.0,55.09,0.521,0.731,0.733
485,Kuliner,5,12585707,0.237,0.804,38891681,12,0,0.546,0.627,1.0,53.4,0.644,0.738,0.719
486,Retail,11,12423066,0.353,0.57,32048216,24,0,0.821,0.556,0.645,79.66,0.426,0.667,0.704
487,Retail,2,12165285,0.188,0.542,42755721,36,1,0.805,0.271,0.586,62.61,0.394,0.656,0.719
488,Kuliner,1,11096630,0.238,0.694,8369456,12,1,0.78,0.668,0.377,72.62,0.376,0.595,0.835
489,Jasa,2,63134656,0.292,0.724,40710139,36,1,0.949,0.615,0.107,88.37,0.207,0.468,0.883
490,Jasa,7,21200035,0.209,0.546,33071473,24,1,0.585,0.418,0.39,74.83,0.304,0.573,0.685
491,Jasa,4,29314704,0.179,0.754,34125128,24,1,0.815,0.104,0.291,71.59,0.313,0.51,0.763
492,Jasa,6,13754680,0.061,0.787,49829856,24,1,0.854,0.457,0.906,66.15,0.417,0.664,0.849
493,Jasa,1,16250043,0.265,0.84,33715700,24,1,0.398,0.105,0.519,66.68,0.385,0.554,0.676
494,Retail,4,12157145,0.212,0.922,19791343,24,0,0.279,0.16,0.407,60.66,0.466,0.541,0.601
495,Produksi,5,4186781,0.149,0.473,32610904,18,1,0.533,0.444,1.0,46.41,0.628,0.766,0.65
496,Retail,6,8435649,0.229,0.622,36202414,24,0,0.85,0.166,1.0,56.1,0.634,0.75,0.659
497,Retail,7,6649432,0.179,0.622,37070259,18,1,0.452,0.321,1.0,53.52,0.594,0.75,0.656
498,Jasa,10,5222576,0.183,0.603,37951451,12,1,0.74,0.624,1.0,76.45,0.439,0.722,0.785
499,Retail,6,9327102,0.262,0.51,58852398,24,0,0.255,0.347,1.0,48.05,0.676,0.77,0.487
500,Retail,11,37303881,0.126,0.367,20334741,12,1,0.499,0.898,0.273,72.52,0.355,0.606,0.686
